Destinazione,Regione,Paese,Categoria,Latitudine,Longitudine,Turisti Annui Stimati,Valuta,Religione Principale,Piatti Tipici,Lingua,Periodo Consigliato,Costo della Vita,Sicurezza,Significato Culturale,Descrizione
Roma,Lazio,Italia,Città,41.902782,12.496366,14 million,Euro,Cattolico romano,"Pizza, Pasta, Gelato",Italiano,Primavera (aprile-maggio) o autunno (settembre),Medio-alto,"Generalmente sicuro, ma fai attenzione ai borseggiatori","La capitale, nota per i suoi punti di riferimento storici come il Colosseo, la città del Vaticano e il Pantheon.","Un centro di storia antica e cultura moderna, con ricche tradizioni, arte e punti di riferimento."
Firenze,Toscana,Italia,Città,43.769581,11.255772,10 million,Euro,Cattolico romano,"Pizza, Pasta, Gelato",Italiano,Primavera (aprile-maggio) o autunno (settembre),Medio-alto,"Generalmente sicuro, ma fai attenzione ai borseggiatori","una città rinascimentale famosa per la sua arte, architettura e significato storico.","sede di musei di livello mondiale, tra cui la Galleria Uffizi e David di Michelangelo."
Venezia,Veneto,Italia,Città,45.435559,12.336196,10 million,Euro,Cattolico romano,"Pizza, Pasta, Gelato",Italiano,Primavera (aprile-maggio) o autunno (settembre),Medio-alto,"Generalmente sicuro, ma fai attenzione ai borseggiatori","Una città unica costruita sui canali, nota per le sue gondole, Piazza San Marco e Doge's Palace.","Un'iconica città d'acqua, rinomata per gite romantiche di gondola e monumenti storici."
Milano,Lombardia,Italia,Città,45.464643,9.18854,7 million,Euro,Cattolico romano,"Risotto, Ossobuco, Panettone",Italiano,Primavera (aprile-maggio) o autunno (settembre),Alto,"Generalmente sicuro, ma fai attenzione ai borseggiatori","Una capitale della moda nota per i suoi negozi, musei e monumenti storici.","Una città moderna con un'anima antica, con La Scala e il Duomo di Milanoo."
Napoli,Campania,Italia,Città,40.85133,14.25472,5 million,Euro,Cattolico romano,"Pizza, Pasta, Cannoli",Italiano,Primavera (aprile-maggio) o autunno (settembre),Medio,"Generalmente sicuro, ma sii consapevole delle borseggiatori","Una città vibrante conosciuta per il suo cibo delizioso, i siti storici e la splendida costa.","Famoso per pizza, pompei e vicinanza alla costa di Amalfi."
Cinque Terre,Liguria,Italia,Città costiera,44.131811,9.653342,3 million,Euro,Cattolico romano,"Frutti di mare, pesto",Italiano,Primavera (aprile-maggio) o autunno (settembre),Medio-alto,"Generalmente sicuro, ma sii consapevole della folla","Un gruppo di cinque villaggi colorati lungo la Riviera italiana, noto per i loro splendidi paesaggi e le escursioni.",Città panoramiche costiere collegate da sentieri e spiagge mozzafiato.
Costa Amalfitana,Campania,Italia,Regione costiera,40.652843,14.495831,2 million,Euro,Cattolico romano,"Frutti di mare, limoncello",Italiano,Primavera (aprile-maggio) o autunno (settembre),Medio-alto,"Generalmente sicuro, ma sii consapevole della folla","Una pittoresca costa con città affascinanti, splendide scogliere e bellissime spiagge.","Famoso per le sue ripide scogliere, le città costiere e i boschi di limone, offrendo viste mozzafiato sul Mediterraneo."
Pisa,Toscana,Italia,Città,43.715899,10.996557,1.5 million,Euro,Cattolico romano,"Pizza, Pasta, Gelato",Italiano,Primavera (aprile-maggio) o autunno (settembre),Medio,Generalmente sicuro,"Famoso per la sua torre pendente, ma offre anche altre attrazioni storiche e scenari meravigliosi.","Conosciuta per l'iconica torre pendente di Pisa, così come la sua architettura romanica."
Lago come,Lombardia,Italia,Lago,45.831894,9.237083,1 million,Euro,Cattolico romano,"Frutti di mare, pasta",Italiano,Primavera (aprile-maggio) o autunno (settembre),Medio-alto,Generalmente sicuro,"Un bellissimo lago circondato da montagne, popolare per nautica, escursioni e rilassanti.","Un ritiro di lusso per l'élite, con acque serene e paesaggi di montagna."
Verona,Veneto,Italia,Città,45.439559,10.996557,1 million,Euro,Cattolico romano,"Pizza, Pasta, Risotto",Italiano,Primavera (aprile-maggio) o autunno (settembre),Medio,Generalmente sicuro,"Una città romantica nota per la sua connessione shakespeariana, l'arena di Verona e la bella architettura.","Famoso per essere l'ambientazione di ""Romao e Giulietta"" e il suo ben conservato anfiteatro romano."
Barcellona,Catalogna,Spagna,Città,41.385064,2.173135,12.7 million,Euro,Cattolico romano,"Paella, Tapas, Gazpacho",spagnolo,Primavera (aprile-maggio) o autunno (settembre),Medio-alto,"Generalmente sicuro, ma fai attenzione ai borseggiatori","conosciuta per la sua architettura gaudi, bellissime spiagge e vita notturna vibrante.","una città di splendida architettura, arte e cultura vibrante. Famoso per La Sagrada Familia e Park Guell."
Madrid,Comunità di Madrid,Spagna,Città,40.416775,-3.70379,7 million,Euro,Cattolico romano,"Tapas, tortilla spagnola, pericolo",spagnolo,Primavera (aprile-maggio) o autunno (settembre),Medio-alto,"Generalmente sicuro, ma sii consapevole delle borseggiatori","La capitale, nota per i suoi musei di livello mondiale, un'atmosfera vivace e punti di riferimento storici.","Sede del Museo Prado, del Royal Palace e della ricca storia spagnola."
Siviglia,Andalusia,Spagna,Città,37.38908,-5.98398,3.5 million,Euro,Cattolico romano,"Tapas, Gazpacho, Flamenco",spagnolo,Primavera (aprile-maggio) o autunno (settembre),Medio,"Generalmente sicuro, ma sii consapevole delle borseggiatori","Una città storica famosa per la sua architettura moresca, balli di flamenco e festival vibranti.","Il cuore della cultura andalusa, con splendidi punti di riferimento come Alc�zar e la Cattedrale di Siviglia."
Valencia,Valencian Community,Spagna,Città,39.472925,-0.378464,2.5 million,Euro,Cattolico romano,"Paella, Horchata, Churros",spagnolo,Primavera (aprile-maggio) o autunno (settembre),Medio,"Generalmente sicuro, ma sii consapevole delle borseggiatori","Una città costiera nota per il suo complesso di città e scienze, spiagge bellissime e deliziose cucina.","Il luogo di nascita di Paella, con un mix di architettura futuristica e storica."
Granada,Andalusia,Spagna,Città,37.187222,-3.60531,2 million,Euro,Cattolico romano,"Tapas, Gazpacho, Flamenco",spagnolo,Primavera (aprile-maggio) o autunno (settembre),Medio,"Generalmente sicuro, ma sii consapevole delle borseggiatori","Una città storica famosa per il suo palazzo Alhambra, il quartiere Albaic e la vibrante vita notturna.",Noto per il magnifico palazzo Alhambra e la straordinaria architettura moresca.
Malaga,Andalusia,Spagna,Città,36.720161,-4.421234,2 million,Euro,Cattolico romano,"Schiaffi, gazpacho, spiedini",spagnolo,Primavera (aprile-maggio) o autunno (settembre),Medio,"Generalmente sicuro, ma sii consapevole delle borseggiatori","Una città costiera conosciuta per le sue bellissime spiagge, il centro storico e il museo Picasso.","Luogo di nascita di Picasso, con splendide spiagge e un porto vivace."
Bilbao,Paese basco,Spagna,Città,43.257158,-2.936487,1.5 million,Euro,Cattolico romano,"Pintxos, Pil-Pil Cod",Spagnolo (e basco),Primavera (aprile-maggio) o autunno (settembre),Medio-alto,Generalmente sicuro,"Una città moderna nota per il suo museo Guggenheim, atmosfera vibrante e deliziosi pintxos.","Una città industriale ha trasformato un hotspot culturale, sede dell'iconico Museo Guggenheim."
Ibiza,Isole Baleari,Spagna,Isola,38.901776,1.433135,8 million,Euro,Cattolico romano,"Paella, tapas, insalata russa",spagnolo,Estate (giugno-settembre),Medio-alto,"Generalmente sicuro, ma sii consapevole delle borseggiatori","Una popolare destinazione dell'isola conosciuta per le sue spiagge, la vita notturna e la scena della musica elettronica.","Famoso in tutto il mondo per le sue spiagge e i locali notturni, una delle migliori destinazioni per le feste estive."
Maiorca,Isole Baleari,Spagna,Isola,39.363371,3.014272,12 million,Euro,Cattolico romano,"Paella, Insalata di Maiorcan, Sobrasada",spagnolo,Primavera (aprile-maggio) o autunno (settembre),Medio-alto,"Generalmente sicuro, ma sii consapevole delle borseggiatori","Una popolare destinazione dell'isola conosciuta per le sue bellissime spiagge, siti storici e sentieri escursionistici.","Una fuga serena dell'isola, con pittoresche spiagge, montagne e siti storici come la Cattedrale di Palma."
San Sebasti,Paese basco,Spagna,Città,43.317915,-1.959563,1 million,Euro,Cattolico romano,"Pintxos, Pil-Pil Cod",Spagnolo (e basco),Primavera (aprile-maggio) o autunno (settembre),Medio-alto,Generalmente sicuro,"Una città costiera conosciuta per le sue bellissime spiagge, deliziose pintxos e atmosfera vibrante.","Rinomato per la sua scena del cibo, con spiagge incontaminate e pittoresche strade della città vecchia."
Parigi,? Le-de-France,Francia,Città,48.856614,2.352222,35-40 million,Euro,Cattolico romano,"Croissant, baguette, formaggio",francese,Primavera (aprile-maggio) o autunno (settembre),Alto,"Generalmente sicuro, ma fai attenzione ai borseggiatori","Sede di punti di riferimento iconici come la Torre Eiffel, il Museo Louvre e la Cattedrale di Notre-Dame.","Una città d'arte, moda e cultura, con monumenti e musei famosi in tutto il mondo."
Carino,Provenza-alpes-c�te d'Azur,Francia,Città costiera,43.703761,7.268731,4 million,Euro,Cattolico romano,"Ni�oise Salad, Socca, Panisses",francese,Primavera (aprile-maggio) o autunno (settembre),Medio-alto,"Generalmente sicuro, ma sii consapevole delle borseggiatori","Conosciuto per le sue spiagge, il clima mediterraneo e la vita notturna vibrante.",Una gemma costiera con una bellissima Primanade des Anglais e splendide viste sulla Riviera francese.
Marsiglia,Provenza-alpes-c�te d'Azur,Francia,Città costiera,43.296168,5.370254,3.5 million,Euro,Cattolico romano,"Bouillabaisse, A�oli, Panisse",francese,Primavera (aprile-maggio) o autunno (settembre),Medio,"Generalmente sicuro, ma sii consapevole delle borseggiatori","La seconda città più grande della Francia, nota per il suo vecchio porto storico, Museo Mucem e Calanques Park.","Una città ricca di storia e cultura, con un porto vibrante e splendidi paesaggi costieri."
Lione,Auvergne-Rh�ne-Alpes,Francia,Città,45.764048,4.835656,2 million,Euro,Cattolico romano,"Quiche Lorraine, insalata di lyonnaise, Canel�",francese,Primavera (aprile-maggio) o autunno (settembre),Medio-alto,"Generalmente sicuro, ma sii consapevole delle borseggiatori","Una capitale culinaria con ristoranti rinomati, architettura storica e confluenza di due fiumi.","Famoso per la sua gastronomia, vibrante città vecchia e architettura rinascimentale."
Bordeaux,Nuova Aquitana,Francia,Città,44.837789,-0.57918,1.5 million,Euro,Cattolico romano,"Canel�, cassoulet, foie gras",francese,Primavera (aprile-maggio) o autunno (settembre),Medio-alto,"Generalmente sicuro, ma sii consapevole delle borseggiatori","Una città famosa per la sua produzione di vino, il centro storico e il museo Cit� Du Vin.","Rinomato per i suoi vigneti e vino, nonché la sua affascinante architettura del 18 ° secolo."
Strasburgo,Grande est,Francia,Città,48.572935,7.751936,1 million,Euro,Cattolico romano,"Quiche Lorraine, Sauerkraut, Bredele",Francese (e tedesco),Primavera (aprile-maggio) o autunno (settembre),Medio-alto,"Generalmente sicuro, ma sii consapevole delle borseggiatori","Una città affascinante con un centro storico medievale, cattedrale gotica e mercati di Natale.","Situato al confine con la Germania, Strasburgo ha una miscela unica di culture francesi e tedesche."
Cannes,Provenza-alpes-c�te d'Azur,Francia,Città costiera,43.542333,7.02427,"800,000",Euro,Cattolico romano,"Bouillabaisse, A�oli, Panisse",francese,Primavera (aprile-maggio) o autunno (settembre),Alto,"Generalmente sicuro, ma sii consapevole delle borseggiatori","Una città costiera glamour nota per il suo festival cinematografico, lo shopping di lusso e le bellissime spiagge.","Famoso del mondo per il Festival del cinema di Cannes, con vista mozzafiato sul Mar Mediterraneo."
Mont Saint-Michel,Normandia,Francia,Isola,48.636111,-1.504444,3.5 million,Euro,Cattolico romano,"Frutti di mare, crepes",francese,Primavera (aprile-maggio) o autunno (settembre),Medio-alto,Generalmente sicuro,"Un sito del patrimonio mondiale dell'UNESCO, famoso per la sua Abbazia arroccata su un'isola di marea.",Un comunale mozzafiato sull'isola medievale con una straordinaria abbazia e strade tortuose.
Loira Valley,Center-Val de Loira,Francia,Regione,47.6268,-0.9361,10 million (region-wide),Euro,Cattolico romano,"Croque-Monsieur, Sigpee di cipolla francese",francese,Primavera (aprile-maggio) o autunno (settembre),Medio,Generalmente sicuro,"Una regione nota per i suoi splendidi castelli, vigneti e paesaggi pittoreschi.","Conosciuta per i suoi numerosi chuseaux e vigneti, una vacanza panoramica piena di storia e bellezza."
Alpi francesi,Auvergne-Rh�ne-Alpes,Francia,Catena montuosa,45.192308,6.619079,12 million (region-wide),Euro,Cattolico romano,"FONDUE, RACLETTE, TARTIFLETTE",francese,"Inverno (Dec-Mar) per sci, estate (giugno)",Medio-alto,Generalmente sicuro,"Una regione montuosa che offre sci, escursioni e altre attività all'aperto.","Un paradiso per gli appassionati di attività all'aperto, famoso per le sue stazioni sciistiche e splendidi scenari alpini."
Vienna,Vienna,Austria,Città,48.208171,16.373869,7.5 million,Euro,Cattolico romano,"Wiener Schnitzel, Sachertorte, Apple Strudel",tedesco,Primavera (aprile-maggio) o autunno (settembre),Medio-alto,Generalmente sicuro,"Conosciuto per i suoi palazzi imperiali, la musica classica e le caffetterie.","Una capitale culturale con architettura imperiale, musei famosi e vibranti cultura del caffè."
Salisburgo,Salisburgo,Austria,Città,47.697994,13.040555,3 million,Euro,Cattolico romano,"Mozartkugel, Salzburger Nockerl, Kaiserschmarrn",tedesco,Primavera (aprile-maggio) o autunno (settembre),Medio-alto,Generalmente sicuro,"Il luogo di nascita di Mozart, famoso per i suoi festival di architettura barocca e musica.","Una città ricca di storia, musica e splendidi dintorni alpini, sede del festival di Salisburgo."
Innsbruck,Tirolo,Austria,Città,47.269219,11.397277,2 million,Euro,Cattolico romano,"Tyrolean Grüstl, Kaiserschmarrn, Bacon",tedesco,"Inverno (Dec-Mar) per sci, estate (giugno)",Medio-alto,Generalmente sicuro,"Una pittoresca città delle Alpi, nota per lo sci, le escursioni e i punti di riferimento storici.","Una porta per le Alpi austriache, Innsbruck offre sia fascino storico che avventura all'aperto."
Hallstatt,Austria Austria,Austria,Città,47.556733,13.649528,1 million,Euro,Cattolico romano,"Kaiserschmarrn, Salzburger Nockerl, Wiener Schnitzel",tedesco,Primavera (aprile-maggio) o autunno (settembre),Medio-alto,Generalmente sicuro,"Famoso per i suoi paesaggi pittoreschi, le miniere di sale e l'architettura storica.","Hallstage è noto un sito del patrimonio mondiale dell'UNESCO, è noto per la sua splendida cornice e la sua storia."
Graz,Stiria,Austria,Città,47.070593,15.438261,1 million,Euro,Cattolico romano,"Backhendl, salta la zuppa, strudel di mela",tedesco,Primavera (aprile-maggio) o autunno (settembre),Medio,Generalmente sicuro,"Conosciuto per la sua città vecchia ben conservato, musei e festival culturali.","Una città che fonde la cultura moderna con architettura storica, con una vibrante scena artistica."
Zell sono vedere,Salisburgo,Austria,Città,47.516804,13.032121,"800,000",Euro,Cattolico romano,"Kaiserschmarrn, Wiener Schnitzel, Apple Strudel",tedesco,"Inverno (Dec-Mar) per sci, estate (giugno)",Medio-alto,Generalmente sicuro,Una popolare città di resort nota per la sua posizione sul lago e le attività all'aperto.,Zell Am See offre viste mozzafiato sulle Alpi e una serie di attività ricreative.
Wachau Valley,Austria inferiore,Austria,Valle,48.450263,15.433907,"500,000",Euro,Cattolico romano,"Wiener Schnitzel, Apple Strudel, Heurigen",tedesco,Primavera (aprile-maggio) o autunno (settembre),Medio-alto,Generalmente sicuro,"Famoso per i suoi vigneti, città storiche e bellezza panoramica lungo il fiume Danubio.","Un sito del patrimonio mondiale dell'UNESCO, Wachau Valley è noto per la sua produzione di vino e i suoi castelli."
Bregenz,Vorarlberg,Austria,Città,47.510488,9.741326,"400,000",Euro,Cattolico romano,"Knotekfle, zuppa di manzo, strudel di mela",tedesco,Estate (giugno-setto),Medio-alto,Generalmente sicuro,"Situato sul lago di Costanza, noto per i suoi festival e uno splendido scenario.","Bregenz è famoso per i suoi festival sul lago, tra cui il famoso Bregenz Festival sul lago."
Vienna Woods,Austria inferiore,Austria,Foresta,48.174456,16.220414,2 million,Euro,Cattolico romano,"Wiener Schnitzel, Apple Strudel, Heurigen",tedesco,Primavera (aprile-maggio) o autunno (settembre),Medio-alto,Generalmente sicuro,"Un'area boscosa vicino a Vienna, popolare per escursioni e godersi la vita all'aria aperta.","Vienna Woods offre una fuga naturale dalla città, con piste panoramiche e in bicicletta."
Cattivo Gastein,Salisburgo,Austria,Città,47.320594,13.426595,"200,000",Euro,Cattolico romano,"Kaiserschmarrn, Wiener Schnitzel, Apple Strudel",tedesco,"Inverno (Dec-Mar) per sci, estate (giugno)",Medio-alto,Generalmente sicuro,"Una città spa nota per le sue sorgenti termali, sci e attività all'aperto.","Bad Gastein è famoso per i suoi bagni termici, che offre rilassamento e benessere nelle Alpi."
Bruxelles,Capitale di Bruxelles,Belgio,Città,50.850441,4.356949,10 million,Euro,Cattolico romano,"Waffle, patatine belghe, cioccolato","Olandese, francese",Primavera (aprile-maggio) o autunno (settembre),Medio-alto,"Generalmente sicuro, ma fai attenzione ai borseggiatori","La capitale del Belgio e dell'UE, nota per il suo Grand Place, Manneken Pis e Atomium.","Un centro politico e culturale con architettura impressionante, musei e una vibrante scena artistica."
Usato,Fiandre occidentali,Belgio,Città,51.205937,3.210851,8 million,Euro,Cattolico romano,"Waffle, patatine belghe, cioccolato","Olandese, francese",Primavera (aprile-maggio) o autunno (settembre),Medio-alto,Generalmente sicuro,"Una città medievale famosa per i suoi canali, le strade di ciottoli e l'architettura storica.","Un sito del patrimonio mondiale dell'UNESCO, noto come ""Venezia del Nord"" per i suoi canali romantici e i suoi ponti."
GHENT,Fiandre est,Belgio,Città,51.057089,3.715678,5 million,Euro,Cattolico romano,"Waffle, patatine belghe, cioccolato","Olandese, francese",Primavera (aprile-maggio) o autunno (settembre),Medio,Generalmente sicuro,"Una città storica nota per la sua architettura medievale, musei d'arte e vibrante vita culturale.","Ghent è noto per la sua ricca storia, tra cui la famosa pala d'altare di Gand e le splendide torri medievali."
Anversa,Anversa,Belgio,Città,51.223581,4.415875,4 million,Euro,Cattolico romano,"Waffle, patatine belghe, cioccolato","Olandese, francese",Primavera (aprile-maggio) o autunno (settembre),Medio-alto,Generalmente sicuro,"Una città portuale nota per la sua industria diamantata, la moda e l'architettura rinascimentale.","Anversa vanta una vivace scena artistica, quadrati storici ed è un hub globale per il commercio di diamanti."
Sinteso,Brabante fiammingo,Belgio,Città,50.872166,4.686716,2 million,Euro,Cattolico romano,"Waffle, patatine belghe, cioccolato","Olandese, francese",Primavera (aprile-maggio) o autunno (settembre),Medio,Generalmente sicuro,"Una città universitaria nota per il suo centro storico, birrerie e vita studentesca.",Il Leuven ospita una delle più antiche università d'Europa ed è noto per la sua vivace atmosfera.
Cena,Namur,Belgio,Città,50.275573,5.024897,1 million,Euro,Cattolico romano,"Waffle, patatine belghe, cioccolato",francese,Primavera (aprile-maggio) o autunno (settembre),Medio,Generalmente sicuro,"Una pittoresca città lungo il fiume Meuse, conosciuta per la sua cittadella, i sassofoni e la bellezza panoramica.","Dinant è il luogo di nascita di Adolphe Sax, inventore del sassofono, e presenta panorami sorprendenti."
Ypres,Fiandre occidentali,Belgio,Città,50.841984,2.863538,"500,000",Euro,Cattolico romano,"Waffle, patatine belghe, cioccolato","Olandese, francese",Primavera (aprile-maggio) o autunno (settembre),Medio,Generalmente sicuro,Una città storica famosa per la sua storia della prima guerra mondiale e il Museo dei campi di Flanders.,"Ypres era il sito delle maggiori battaglie della Seconda Guerra Mondiale, ora un centro per il ricordo con commemorali in movimento."
Spa,Li�ge,Belgio,Città,50.451977,5.965836,"300,000",Euro,Cattolico romano,"Waffle, patatine belghe, cioccolato",francese,Primavera (aprile-maggio) o autunno (settembre),Medio-alto,Generalmente sicuro,"Una città spa nota per le sue acque minerali, i bagni termici e la bellezza naturale circostante.",La città di spa ha dato il nome al concetto di spa di salute ed è famosa per le sue acque curative.
Ostend,Fiandre occidentali,Belgio,Città,51.333563,2.902675,"200,000",Euro,Cattolico romano,"Waffle, patatine belghe, cioccolato","Olandese, francese",Primavera (aprile-maggio) o autunno (settembre),Medio,Generalmente sicuro,"Una città costiera nota per le sue spiagge, i frutti di mare e la vibrante promanada sul lungomare.","Ostend offre una combinazione di rilassamento sul mare, cultura e vivace intrattenimento sulla costa belga."
Namur,Namur,Belgio,Città,50.467063,4.886067,"100,000",Euro,Cattolico romano,"Waffle, patatine belghe, cioccolato",francese,Primavera (aprile-maggio) o autunno (settembre),Medio,Generalmente sicuro,"Una città storica nota per la sua impressionante cittadella, musei d'arte e viste panoramiche.",Namur funge da capitale di Wallonia e offre una ricca storia insieme a bellissimi paesaggi sul fiume.
Copenaghen,La regione della capitale,Danimarca,Città,55.676098,12.568337,10 million,Danish Krone (DKK),protestante,"Sm? Rrebr? D, Frikateler, Blege",danese,Primavera (aprile-maggio) o autunno (settembre),Alto,Generalmente sicuro,"Conosciuta per la sua architettura colorata, i canali affascinanti e la cultura vibrante.","La capitale della Danimarca, famosa per Nyhavn, la statua di Little Mermaid e una vivace scena CAF."
Aarhus,Jutland centrale,Danimarca,Città,56.150947,10.217696,2.5 million,Danish Krone (DKK),protestante,"Sm? Rrebr? D, Frikateler, Blege",danese,Primavera (aprile-maggio) o autunno (settembre),Medio,Generalmente sicuro,"Conosciuta per la sua vibrante scena artistica, bellissimi parchi e siti storici.","La seconda città più grande della Danimarca, un centro culturale con musei, festival e vita universitaria."
Odense,Regione del sud della Danimarca,Danimarca,Città,55.397081,10.395973,1.5 million,Danish Krone (DKK),protestante,"Sm? Rrebr? D, Frikateler, Blege",danese,Primavera (aprile-maggio) o autunno (settembre),Medio,Generalmente sicuro,"Luogo di nascita di Hans Christian Andersen, noto per la sua atmosfera da fiaba.","Una città affascinante con una forte storia letteraria, parchi scenici e musei."
Legoland Billund,Regione del sud della Danimarca,Danimarca,Parco a tema,55.709974,9.461622,2.5 million,Danish Krone (DKK),protestante,Cucina danese,danese,Estate (giugno-agosto),Medio-alto,Generalmente sicuro,Famoso per le sue attrazioni a tema Lego e attività per famiglie.,"Una destinazione principale per le famiglie, con corse interattive e avventure a tema Lego."
Pescare,Regione del sud della Danimarca,Danimarca,Città,55.200525,8.777081,"500,000",Danish Krone (DKK),protestante,"Sm? Rrebr? D, Frikateler, Blege",danese,Primavera (aprile-maggio) o autunno (settembre),Medio,Generalmente sicuro,"La città più antica della Danimarca, con patrimonio vichingo e architettura medievale.",Ribe è una città storica ben conservata con storia vichinga e affascinanti vecchie strade.
Roskilde,Regione sjlland,Danimarca,Città,55.652853,12.091578,"500,000",Danish Krone (DKK),protestante,"Sm? Rrebr? D, Frikateler, Blege",danese,Primavera (aprile-maggio) o autunno (settembre),Medio,Generalmente sicuro,Famoso per il Viking Ship Museum e il suo festival musicale annuale.,Roskilde è un sito dell'UNESCO con una ricca storia e una vibrante cultura musicale.
Helsing? R.,La regione della capitale,Danimarca,Città,56.033245,12.614037,"400,000",Danish Krone (DKK),protestante,"Sm? Rrebr? D, Frikateler, Blege",danese,Primavera (aprile-maggio) o autunno (settembre),Medio-alto,Generalmente sicuro,"Conosciuta per il castello di Kronborg, l'ambientazione per il villaggio di Shakespeare.",Una città costiera con significato storico e splendide viste sul mare.
Aalborg,Regione del jutland settentrionale,Danimarca,Città,57.033361,9.920094,"300,000",Danish Krone (DKK),protestante,"Sm? Rrebr? D, Frikateler, Blege",danese,Primavera (aprile-maggio) o autunno (settembre),Medio,Generalmente sicuro,"Conosciuto per la sua vibrante vita notturna, scena musicale e centro storico.",Aalborg offre un mix di cultura moderna e architettura storica.
Aarhus Giardino botanico,Jutland centrale,Danimarca,Giardino,56.161243,10.224461,"100,000",Danish Krone (DKK),protestante,Cucina danese,danese,Primavera (aprile-maggio) o autunno (settembre),Gratuito,Generalmente sicuro,"Un bellissimo giardino con una varietà di piante, fiori e serre.","Un'oasi nel cuore di Aarhus, perfetta per gli amanti e le famiglie della natura."
Giardini Tivoli,La regione della capitale,Danimarca,Parco divertimenti,55.683798,12.572936,4 million,Danish Krone (DKK),protestante,Cucina danese,danese,Primavera (aprile-maggio) o autunno (settembre),Medio-alto,Generalmente sicuro,"Uno dei più antichi parchi di divertimento del mondo, con giostre e splendidi giardini.","Tivoli Gardens è un parco magico con intrattenimento per tutte le età, specialmente a Copenaghen."
Berlino,Berlino,Germania,Città,52.520008,13.404954,13.5 million,Euro,protestante,"Currywurst, Bratwurst, Sauerkraut",tedesco,Primavera (aprile-maggio) o autunno (settembre),Medio-alto,"Generalmente sicuro, ma guarda le borseggiatori","La capitale nota per i suoi punti di riferimento storici, la vita notturna vibrante e la scena artistica.","Famoso per la Porta di Brandeburgo, il muro di Berlino e il ricco patrimonio culturale."
Monaco,Baviera,Germania,Città,48.137152,11.576123,10 million,Euro,protestante,"Wei�wurst, Brezn, Leberk",tedesco,Primavera (aprile-maggio) o autunno (settembre),Medio-alto,Generalmente sicuro,"Una città bavarese famosa per il suo Oktoberfest, le birrerie e l'architettura storica.","Conosciuta per la sua cultura della birra, lo storico Marienplatz e il bellissimo giardino inglese."
Francoforte,Hesse,Germania,Città,50.110922,8.682127,7 million,Euro,protestante,"Frandfurter Greath, sidro, verde così",tedesco,Primavera (aprile-maggio) o autunno (settembre),Alto,Generalmente sicuro,"Un centro finanziario noto per i suoi grattacieli, i musei e la storica città vecchia.","Sede della Banca centrale europea, Goethe House e impressionante skyline moderno."
Colonia,Nord Reno-Westfalia,Germania,Città,50.936662,6.959955,5 million,Euro,protestante,"K�lsch, Sky e ��d, Sauerbraten",tedesco,Primavera (aprile-maggio) o autunno (settembre),Medio,Generalmente sicuro,"Una città storica sul Reno, nota per la sua cattedrale gotica, cioccolato e musei.",La Cattedrale di Colonia è un patrimonio mondiale dell'UNESCO e uno dei punti di riferimento più iconici della Germania.
Amburgo,Amburgo,Germania,Città,53.550278,9.993681,5 million,Euro,protestante,"Pesce rotto, labskaus, grittze rosso",tedesco,Primavera (aprile-maggio) o autunno (settembre),Medio-alto,Generalmente sicuro,"Una città portuale nota per il suo porto, il distretto di Reeperbahn e il Museo marittimo.","Amburgo vanta una vivace scena artistica, architettura moderna e storica Speicherstadt."
Dresda,Sassonia,Germania,Città,51.051005,13.737234,3 million,Euro,protestante,"Tunnel di Dresda, controlli delle uova, insalata di patate",tedesco,Primavera (aprile-maggio) o autunno (settembre),Medio,Generalmente sicuro,"Una città storica conosciuta per la sua architettura barocca, i musei e il fiume Elbe.","La città è stata pesantemente bombardata nella seconda guerra mondiale ma è stata magnificamente restaurata, con punti di riferimento notevoli come il Palazzo Zwinger."
Heidelberg,Baden-W�rttemberg,Germania,Città,49.405154,8.691038,2 million,Euro,protestante,Kssesp.,tedesco,Primavera (aprile-maggio) o autunno (settembre),Medio-alto,Generalmente sicuro,Una pittoresca città conosciuta per il castello di Heidelberg e la sua affascinante città vecchia.,"Una romantica città del fiume con una famosa università, castello accattivante e strade di ciottoli."
Rothenburg ob der Tauber,Baviera,Germania,Città,49.443589,10.090444,1 million,Euro,protestante,Kssesp.,tedesco,Primavera (aprile-maggio) o autunno (settembre),Medio,Generalmente sicuro,"Una città medievale famosa per le sue mura ben conservate, le case a mezzo taglio e i mercati di Natale.","Una destinazione da favola con strade ciottoli, architettura medievale e festival vibranti."
Castello di Neuschwanstein,Baviera,Germania,Castello,47.557778,10.748611,1.5 million,Euro,protestante,Cucina bavarese,tedesco,Primavera (aprile-maggio) o autunno (settembre),Medio-alto,Generalmente sicuro,"Un castello da favola costruito dal re Ludwig II, noto per la sua straordinaria architettura e viste panoramiche.","Uno dei castelli più famosi del mondo, ispirando il castello di Cenerentola della Disney."
Foresta nera,Baden-W�rttemberg,Germania,Regione,48.180233,8.322533,5 million,Euro,protestante,"Torta della foresta nera, sp�tzle, sauerkraut",tedesco,Primavera (aprile-maggio) o autunno (settembre),Medio-alto,Generalmente sicuro,"Una regione boscosa conosciuta per i suoi paesaggi panoramici, sentieri escursionistici e villaggi tradizionali.","La foresta nera è rinomata per i suoi orologi naturali di bellezza, folklore e cuculo."
Monaco-ville,Monaco-ville,Monaco,Città,45.437078,7.426435,3 million,Euro,Cattolico romano,Cucina mediterranea,"Francese, mon�gasque",Primavera (aprile-maggio) o autunno (settembre),Estremamente alto,Generalmente sicuro,La storica città vecchia conosciuta per il suo palazzo del principe e il museo oceanografico.,"Arroccato su un promontorio roccioso, Monaco-Ville offre viste mozzafiato e monumenti storici."
Monte Carlo,Monaco-ville,Monaco,Quartiere,45.437078,7.426435,3 million,Euro,Cattolico romano,Cucina mediterranea,"Francese, mon�gasque",Primavera (aprile-maggio) o autunno (settembre),Estremamente alto,Generalmente sicuro,"Distretto glamour noto per i casinò, i negozi di lusso e il Grand Prix.",Rinomato per la sua vibrante vita notturna e le attrazioni di fascia alta.
Casino Square,Monaco-ville,Monaco,Piazza,45.437078,7.426435,2 million,Euro,Cattolico romano,Cucina mediterranea,"Francese, mon�gasque",Primavera (aprile-maggio) o autunno (settembre),Estremamente alto,Generalmente sicuro,Piazza iconica sede di Casino de Monte-Carlo e H�tel de Paris.,Un centro di lusso e intrattenimento a Monte Carlo.
Museo oceanografico,Monaco-ville,Monaco,Museo,45.437078,7.426435,1 million,Euro,Cattolico romano,Cucina mediterranea,"Francese, mon�gasque",Primavera (aprile-maggio) o autunno (settembre),Medio,Generalmente sicuro,L'acquario e il museo di fama mondiale dedicati alla biologia marina.,Dispone di straordinarie mostre e viste panoramiche del Mediterraneo.
Giardino giapponese,Monaco-ville,Monaco,Giardino,45.437078,7.426435,"500,000",Euro,Cattolico romano,Cucina mediterranea,"Francese, mon�gasque",Primavera (aprile-maggio) o autunno (settembre),Gratuito,Generalmente sicuro,Oasi pacifica con giardini tradizionali giapponesi e stagni di koi.,"Un tranquillo ritiro nel cuore di Monaco, che offre un ambiente sereno."
Saint-Martin Gardens,Monaco-ville,Monaco,Giardini,45.437078,7.426435,"300,000",Euro,Cattolico romano,Cucina mediterranea,"Francese, mon�gasque",Primavera (aprile-maggio) o autunno (settembre),Gratuito,Generalmente sicuro,Bellissimo giardino botanico con una varietà di piante e sculture.,Presenta una vasta gamma di piante e sculture artistiche.
Giardino esotico,Monaco-ville,Monaco,Giardino,45.437078,7.426435,"200,000",Euro,Cattolico romano,Cucina mediterranea,"Francese, mon�gasque",Primavera (aprile-maggio) o autunno (settembre),Gratuito,Generalmente sicuro,Giardino botanico con cactus e piante esotiche di tutto il mondo.,"Mostra un'ampia varietà di cactus, piante grasse e flora esotica."
Giardino botanico di Rainier III,Monaco-ville,Monaco,Giardino,45.437078,7.426435,"100,000",Euro,Cattolico romano,Cucina mediterranea,"Francese, mon�gasque",Primavera (aprile-maggio) o autunno (settembre),Gratuito,Generalmente sicuro,Giardino botanico incentrato su piante e fiori mediterranei.,Offre una gamma di flora mediterranea in un ambiente splendidamente paesaggistico.
Spiaggia di larvetto,Monaco-ville,Monaco,Spiaggia,45.437078,7.426435,"100,000",Euro,Cattolico romano,Cucina mediterranea,"Francese, mon�gasque",Estate (giugno-settembre),Estremamente alto,Generalmente sicuro,"Beach popolare lungo il Mar Mediterraneo, ideale per prendere il sole e nuotare.",Una posizione privilegiata per bagnanti e appassionati di sport acquatici.
Forum Grimaldi,Monaco-ville,Monaco,Centro culturale,45.437078,7.426435,"50,000",Euro,Cattolico romano,Cucina mediterranea,"Francese, mon�gasque",Tutto l'anno,Varia,Generalmente sicuro,"Centro culturale che ospita mostre, concerti e conferenze.",Un luogo importante per eventi culturali e mostre a Monaco.
Mosca,Mosca oblast,Russia,Città,55.755796,37.617315,12.5 million,Russian Ruble (Rub),Russo ortodosso,"Borscht, Pelmeni, Blini",russo,Primavera (maggio-giugno) o autunno (settembre),Medio-alto,"Generalmente sicuro, ma sii consapevole delle borseggiatori","Capital City conosciuta per il Cremlino, la Piazza Rossa e la Cattedrale di San Basilio.",La vivace capitale russa con una ricca storia e punti di riferimento impressionanti.
San Pietroburgo,Leningrad oblast,Russia,Città,59.934083,30.335285,8 million,Russian Ruble (Rub),Russo ortodosso,"Borscht, Pelmeni, Blini",russo,Primavera (maggio-giugno) o autunno (settembre),Medio-alto,"Generalmente sicuro, ma sii consapevole delle borseggiatori","Città storica nota per palazzi imperiali, canali e musei.",Conosciuto per la sua straordinaria architettura e patrimonio culturale.
Sochi,Krasnodar Krai,Russia,Città,43.565133,39.60304,3 million,Russian Ruble (Rub),Russo ortodosso,"Borscht, Pelmeni, Blini",russo,Estate (giugno-agosto),Medio-alto,"Generalmente sicuro, ma sii consapevole delle borseggiatori","Città della località del Mar Nero conosciuta per spiagge, montagne e luoghi olimpici.",Error 500 (Server Error)!!1500.That’s an error.There was an error. Please try again later.That’s all we know.
Kazan,Repubblica di Tatarstan,Russia,Città,55.794722,49.111389,2 million,Russian Ruble (Rub),"Muslim, russo ortodosso","Borscht, Pelmeni, Blini","Russo, Tatar",Primavera (maggio-giugno) o autunno (settembre),Medio,Generalmente sicuro,"Città storica con un patrimonio culturale diversificato, tra cui un Cremlino e moschee.",Noto per la sua ricca storia e diversità culturale.
Vladivostok,Krairsky Krai,Russia,Città,43.565133,131.885929,1 million,Russian Ruble (Rub),Russo ortodosso,"Borscht, Pelmeni, Blini",russo,Primavera (maggio-giugno) o autunno (settembre),Medio-alto,Generalmente sicuro,"Port City sull'Oceano Pacifico noto per frutti di mare, musei e viste panoramiche.",Offre splendide paesaggi costiere e un'esperienza culturale unica.
Lago Baikal,Ibutsk oblast,Russia,Lago,53.151074,105.257548,2.5 million,Russian Ruble (Rub),Russo ortodosso,"Borscht, Pelmeni, Blini",russo,Estate (giugno-agosto),Medio,Generalmente sicuro,"Il lago più profondo del mondo noto per la sua bellezza naturale, la fauna selvatica e le attività all'aperto.",Un must da visitare per gli appassionati di natura e i cercatori di avventura.
Penisola di Kamchatka,Kamchatka Krai,Russia,Penisola,56.021562,158.624312,1 million,Russian Ruble (Rub),Russo ortodosso,"Borscht, Pelmeni, Blini",russo,Estate (giugno-agosto),Medio-alto,"Generalmente sicuro, ma sii consapevole degli orsi","Penisola remota nota per vulcani, ghiacciai e fauna selvatica unica.",Offre paesaggi drammatici e meraviglie naturali.
Anello dorato,Russia centrale,Russia,Regione,56.021562,39.624312,10 million (region-wide),Russian Ruble (Rub),Russo ortodosso,"Borscht, Pelmeni, Blini",russo,Primavera (maggio-giugno) o autunno (settembre),Medio,Generalmente sicuro,Gruppo di città storiche conosciute per l'architettura medievale e il patrimonio culturale.,Un percorso storico che offre approfondimenti sul passato medievale russo.
Railway trans-siberiana,Russia,Russia,Ferrovia,56.021562,105.624312,2 million (tourists),Russian Ruble (Rub),Russo ortodosso,"Borscht, Pelmeni, Blini",russo,Estate (giugno-agosto),Medio-alto,Generalmente sicuro,"Famosa rotta ferroviaria che attraversa la Russia, nota per le sue esperienze panoramiche e culturali.",Un viaggio iconico che mostra i vasti paesaggi della Russia e le diverse culture.
La Cattedrale di San Basil,Mosca,Russia,Chiesa,55.755796,37.617315,2 million,Russian Ruble (Rub),Russo ortodosso,"Borscht, Pelmeni, Blini",russo,Primavera (maggio-giugno) o autunno (settembre),Gratuito,Generalmente sicuro,La cattedrale iconica nota per le sue cupole colorate e l'architettura intricata.,Un simbolo del ricco patrimonio culturale e religioso della Russia.
Atene,Attica,Grecia,Città,37.979452,23.716217,10 million,Euro,Greco ortodosso,"Gyros, Souvlaki, Moussaka",greco,Primavera (aprile-maggio) o autunno (settembre),Medio-alto,"Generalmente sicuro, ma fai attenzione ai borseggiatori","Capitale nota per antiche rovine, musei e vita notturna vibrante.",
Santorini,Sud Aegeo,Grecia,Isola,36.423967,25.444106,2 million,Euro,Greco ortodosso,"Frutti di mare, insalata greca, moussaka",greco,Primavera (aprile-maggio) o autunno (settembre),Alto,Generalmente sicuro,"Famoso per edifici imbiancati, chiese a cupola blu e tramonti.",
Mykonos,Sud Aegeo,Grecia,Isola,37.426508,25.278709,2 million,Euro,Greco ortodosso,"Frutti di mare, insalata greca, moussaka",greco,Primavera (aprile-maggio) o autunno (settembre),Alto,Generalmente sicuro,"Conosciuto per spiagge, vita notturna e resort di lusso.",
Creta,Creta,Grecia,Isola,35.243662,25.047873,3 million,Euro,Greco ortodosso,"Frutti di mare, insalata greca, moussaka",greco,Primavera (aprile-maggio) o autunno (settembre),Medio-alto,Generalmente sicuro,"L'isola più grande in Grecia, nota per antiche rovine, spiagge e montagne.",
Rodi,Sud Aegeo,Grecia,Isola,36.441904,28.188827,2 million,Euro,Greco ortodosso,"Frutti di mare, insalata greca, moussaka",greco,Primavera (aprile-maggio) o autunno (settembre),Medio-alto,Generalmente sicuro,"Conosciuto per città murate medievali, spiagge e siti storici.",
Corfu,Isole ioniche,Grecia,Isola,39.613728,19.900073,1.5 million,Euro,Greco ortodosso,"Frutti di mare, insalata greca, moussaka",greco,Primavera (aprile-maggio) o autunno (settembre),Medio,Generalmente sicuro,"Conosciuto per bellissime spiagge, olive boschetti e architettura veneziana.",
Meteora,Tessalia,Grecia,Complesso di monastero,39.729444,21.424722,1 million,Euro,Greco ortodosso,Cucina greca,greco,Primavera (aprile-maggio) o autunno (settembre),Medio,Generalmente sicuro,Sito del patrimonio mondiale dell'UNESCO con monasteri su formazioni rocciose.,
Delphi,Grecia centrale,Grecia,Sito archeologico,38.475111,22.217778,1 million,Euro,Greco ortodosso,Cucina greca,greco,Primavera (aprile-maggio) o autunno (settembre),Medio,Generalmente sicuro,Noto per Oracle di Delphi e paesaggi montuosi.,
Nafplio,Peloponnese,Grecia,Città,37.571111,22.767778,"500,000",Euro,Greco ortodosso,"Frutti di mare, insalata greca, moussaka",greco,Primavera (aprile-maggio) o autunno (settembre),Medio,Generalmente sicuro,"Città storica nota per la fortezza veneziana, strade affascinanti e spiagge.",
Olympia,Peloponnese,Grecia,Sito archeologico,37.724167,21.723056,"500,000",Euro,Greco ortodosso,Cucina greca,greco,Primavera (aprile-maggio) o autunno (settembre),Medio,Generalmente sicuro,Luogo di nascita degli antichi giochi olimpici con rovine di templi e stadi.,
Lisbona,Lisbona,Portogallo,Città,38.710825,-9.136136,3.5 million,Euro,Cattolico romano,"Merluzzo, pastello crema, sardine",portoghese,Primavera (aprile-maggio) o autunno (settembre),Medio-alto,"Generalmente sicuro, ma fai attenzione ai borseggiatori","Capital City conosciuta per il suo centro storico, sette colline e vibrante vita notturna.",
Porto,Porto,Portogallo,Città,41.149631,-8.610975,2.5 million,Euro,Cattolico romano,"Francesinha, merluzzo, pastello di crema",portoghese,Primavera (aprile-maggio) o autunno (settembre),Medio-alto,Generalmente sicuro,"Città costiera conosciuta per le sue cantine, il centro storico e il bellissimo lungo fiume.",
Algarve,Algarve,Portogallo,Regione,37.044335,-7.774026,3 million,Euro,Cattolico romano,"Frutti di mare, Sardinha, Pastel de Nata",portoghese,Primavera (aprile-maggio) o autunno (settembre),Medio-alto,Generalmente sicuro,"Regione costiera popolare nota per spiagge, campi da golf e sport acquatici.",
Madera,Isola di Madeira,Portogallo,Isola,32.652843,-16.976997,1 million,Euro,Cattolico romano,"Speed, Mel Bolo, Poncha",portoghese,Primavera (aprile-maggio) o autunno (settembre),Medio-alto,Generalmente sicuro,"Isola conosciuta per paesaggi lussureggianti, montagne vulcaniche e vino Madeira.",
Sintra,Lisbona,Portogallo,Città,38.730825,-9.360576,1 million,Euro,Cattolico romano,"Frutti di mare, torta alla crema, torta di Bel",portoghese,Primavera (aprile-maggio) o autunno (settembre),Medio-alto,Generalmente sicuro,"Città storica nota per Pena National Palace, Castello morestro e atmosfera romantica.",
? Bidos,Leiria,Portogallo,Città,39.382114,-8.895664,"500,000",Euro,Cattolico romano,"Frutti di mare, torta alla crema, torta di Bel",portoghese,Primavera (aprile-maggio) o autunno (settembre),Medio,Generalmente sicuro,"Città murata medievale con strade ciottoli, case colorate e un'atmosfera affascinante.",
Aveiro,Aveiro,Portogallo,Città,40.64275,-8.65109,"300,000",Euro,Cattolico romano,"Frutti di mare, merluzzo, pastello de nata",portoghese,Primavera (aprile-maggio) o autunno (settembre),Medio,Generalmente sicuro,"Città costiera conosciuta per i suoi canali, barche colorate e bellissime spiagge.",
Braga,Braga,Portogallo,Città,41.537114,-8.422754,"200,000",Euro,Cattolico romano,"Frutti di mare, merluzzo, pastello de nata",portoghese,Primavera (aprile-maggio) o autunno (settembre),Medio,Generalmente sicuro,"Città storica conosciuta per rovine romane, architettura barocca e bellissimi scenari.",
Coimbra,Coimbra,Portogallo,Città,40.205978,-8.410443,"150,000",Euro,Cattolico romano,"Frutti di mare, merluzzo, pastello de nata",portoghese,Primavera (aprile-maggio) o autunno (settembre),Medio,Generalmente sicuro,"University City conosciuta per il suo centro storico, bellissima architettura e atmosfera vivace.",
DOURO VALLEY,DOURO VALLEY,Portogallo,Regione,41.086758,-7.791548,"500,000",Euro,Cattolico romano,"Frutti di mare, merluzzo, pastello de nata",portoghese,Primavera (aprile-maggio) o autunno (settembre),Medio-alto,Generalmente sicuro,"Scenic Valley nota per la produzione di vino, splendidi paesaggi e cantine storiche.",
Oslo,Oslo,Norvegia,Città,59.913868,10.751964,2.5 million,Norwegian Krone (abbastanza),protestante,"Pesce, renne, brunost",norvegese,Primavera (maggio-giugno) o autunno (settembre),Alto,Generalmente sicuro,"Capital City conosciuta per musei, parchi e scena culturali.","La capitale, nota per i suoi musei, parchi e vibrante scena culturale."
Bergen,Westland,Norvegia,Città,60.395186,5.324015,1.5 million,Norwegian Krone (abbastanza),protestante,"Pesce, renne, brunost",norvegese,Primavera (maggio-giugno) o autunno (settembre),Medio-alto,Generalmente sicuro,"Città costiera nota per case colorate, mercato dei pesci e fiordi panoramici.","Una città costiera nota per le sue colorate case in legno, il mercato dei pesci e i fiordi panoramici."
Sognefjord,Westland,Norvegia,Fjord,61.006944,7.025278,1 million,Norwegian Krone (abbastanza),protestante,"Pesce, renne, brunost",norvegese,Primavera (maggio-giugno) o autunno (settembre),Medio-alto,Generalmente sicuro,"Fiordo più lungo in Norvegia, offrendo scenari mozzafiato e attività all'aperto.","Il fiordo più lungo in Norvegia, offrendo scenari mozzafiato e attività all'aperto."
Geirangerfjord,M? Re og Romsdal,Norvegia,Fjord,62.103056,7.031389,"500,000",Norwegian Krone (abbastanza),protestante,"Pesce, renne, brunost",norvegese,Primavera (maggio-giugno) o autunno (settembre),Medio-alto,Generalmente sicuro,"Sito patrimonio mondiale dell'UNESCO con scogliere torreggianti, cascate e bellezza panoramica.","Un sito del patrimonio mondiale dell'UNESCO, famoso per le sue imponenti scogliere, cascate e bellezza scenica."
Isole Lofoten,Nordland,Norvegia,Isole,68.005472,13.033294,"500,000",Norwegian Krone (abbastanza),protestante,"Pesce, renne, brunost",norvegese,Primavera (maggio-giugno) o autunno (settembre),Medio-alto,Generalmente sicuro,"Isole conosciute per paesaggi drammatici, villaggi di pescatori e lampo settentrionale.","Un gruppo di isole conosciute per i loro paesaggi drammatici, i villaggi di pesca e il nord dell'aurorabondo."
Troms?,Troms,Norvegia,Città,69.649328,18.955689,"300,000",Norwegian Krone (abbastanza),protestante,"Pesce, renne, brunost",norvegese,Primavera (maggio-giugno) o autunno (settembre),Medio-alto,Generalmente sicuro,"Città più settentrionale in Norvegia, nota per la posizione del cerchio artico e settentrionale.","La città più settentrionale in Norvegia, nota per la sua posizione del circolo polare e l'aurora boreale."
Jotunheimen National Park,Nell'entroterra,Norvegia,Parco nazionale,61.357778,8.322533,"200,000",Norwegian Krone (abbastanza),protestante,"Pesce, renne, brunost",norvegese,Estate (giugno-agosto),Medio-alto,Generalmente sicuro,"Parco nazionale noto per ghiacciai, sentieri escursionistici e fauna selvatica.","Un parco nazionale nelle montagne norvegesi, noto per i suoi ghiacciai, sentieri escursionistici e fauna selvatica."
Hardangervidda National Park,Westland,Norvegia,Parco nazionale,60.769653,7.333111,"100,000",Norwegian Krone (abbastanza),protestante,"Pesce, renne, brunost",norvegese,Estate (giugno-agosto),Medio-alto,Generalmente sicuro,"Parco nazionale noto per renne, sentieri escursionistici e sport invernali.","Un parco nazionale nell'altopiano di Hardangervidda, noto per le sue renne, sentieri escursionistici e sport invernali."
Il pulpito,Rogaland,Norvegia,Scogliera,59.395186,5.930833,"300,000",Norwegian Krone (abbastanza),protestante,"Pesce, renne, brunost",norvegese,Estate (giugno-agosto),Medio-alto,Generalmente sicuro,Famous Cliff che offre splendide viste panoramiche su un fiordo.,"Una famosa scogliera che si affaccia su un fiordo, che offre splendide viste panoramiche."
Fl�m,Westland,Norvegia,Villaggio,60.730556,7.024444,"50,000",Norwegian Krone (abbastanza),protestante,"Pesce, renne, brunost",norvegese,Estate (giugno-agosto),Medio-alto,Generalmente sicuro,Pittoresco villaggio noto per il suo viaggio panoramico in treno e le crociere di fiordi.,"Un pittoresco villaggio alla fine della valle del Fl�m, noto per il suo viaggio panoramico in treno e le crociere di Fjord."
Stoccolma,Contea di Stoccolma,Svezia,Città,59.329302,18.068581,2.5 million,Krona svedese (SEK),protestante,"Kättbunar, caffè, Jansson's Temptation",svedese,Primavera (maggio-giugno) o autunno (settembre),Medio-alto,Generalmente sicuro,"Capital City conosciuta per Archipelago, musei e cultura vibrante.","La capitale, nota per il suo arcipelago, musei e cultura vibrante."
Göteborg,V�stra G�taland County,Svezia,Città,57.708863,11.973339,1.5 million,Krona svedese (SEK),protestante,"Kättbunar, caffè, Jansson's Temptation",svedese,Primavera (maggio-giugno) o autunno (settembre),Medio,Generalmente sicuro,"La seconda città più grande della Svezia, conosciuta per il porto, i musei e la vita notturna.","La seconda città più grande della Svezia, nota per il suo porto, i musei e la vita notturna vibrante."
Malm,Contea di Sk,Svezia,Città,55.609934,13.007758,1 million,Krona svedese (SEK),protestante,"Kättbunar, caffè, Jansson's Temptation",svedese,Primavera (maggio-giugno) o autunno (settembre),Medio,Generalmente sicuro,"Città costiera conosciuta per l'architettura moderna, i musei e la scena artistica.","Una città costiera conosciuta per la sua moderna architettura, musei e vibrante scena artistica."
Lapponia,Contea di Norrbotten,Svezia,Regione,67.005472,20.033294,"500,000",Krona svedese (SEK),protestante,"Kättbunar, caffè, Jansson's Temptation",svedese,"Winter (Dec-Mar) per Northern Lights, Summer (Jun-Aug) per escursioni",Medio-alto,Generalmente sicuro,"La regione più settentrionale, nota per paesaggi artici, auro settentrionale e renne.","La regione più settentrionale della Svezia, nota per i suoi paesaggi artici, l'aurora boreale e le renne."
Fj�llbacka,V�stra G�taland County,Svezia,Città,58.026014,11.464321,"200,000",Krona svedese (SEK),protestante,"Kättbunar, caffè, Jansson's Temptation",svedese,Primavera (maggio-giugno) o autunno (settembre),Medio-alto,Generalmente sicuro,Affascinante città costiera con case colorate e ristoranti di pesce.,"Un'affascinante città costiera conosciuta per le sue case colorate, i ristoranti di pesce e la bellezza panoramica."
Visby,Contea di Gotland,Svezia,Città,57.744674,18.285443,"200,000",Krona svedese (SEK),protestante,"Kättbunar, caffè, Jansson's Temptation",svedese,Primavera (maggio-giugno) o autunno (settembre),Medio-alto,Generalmente sicuro,Città murata medievale nota per rovine e festival estivi.,"Una città murata medievale sull'isola di Gotland, nota per le sue rovine, le strade di ciottoli e le feste estive."
Uppsala,Contea di Uppsala,Svezia,Città,59.858134,17.638943,"150,000",Krona svedese (SEK),protestante,"Kättbunar, caffè, Jansson's Temptation",svedese,Primavera (maggio-giugno) o autunno (settembre),Medio,Generalmente sicuro,"Città universitaria nota per la cattedrale, il castello e i musei.","Una città universitaria nota per la sua cattedrale, castello e musei."
Kiruna,Contea di Norrbotten,Svezia,Città,67.853244,20.236394,"100,000",Krona svedese (SEK),protestante,"Kättbunar, caffè, Jansson's Temptation",svedese,Primavera (maggio-giugno) o autunno (settembre),Medio-alto,Generalmente sicuro,"Città più settentrionale, nota per l'industria mineraria e le attività invernali.","La città più settentrionale in Svezia, situata sopra il circolo polare artico, e nota per le sue attività minerarie e le attività invernali."
Sarek National Park,Contea di Norrbotten,Svezia,Parco nazionale,67.517222,17.522778,"50,000",Krona svedese (SEK),protestante,"Kättbunar, caffè, Jansson's Temptation",svedese,Estate (giugno-agosto),Medio-alto,Generalmente sicuro,"Parco nazionale noto per ghiacciai, sentieri escursionistici e fauna selvatica.","Un parco nazionale nelle montagne svedesi, noto per i suoi ghiacciai, sentieri escursionistici e fauna selvatica."
Museo VASA,Contea di Stoccolma,Svezia,Museo,59.329302,18.068581,1 million,Krona svedese (SEK),protestante,"Kättbunar, caffè, Jansson's Temptation",svedese,Tutto l'anno,Medio,Generalmente sicuro,Museo marittimo con una nave da guerra conservata del 17 ° secolo.,"Un museo marittimo con una nave da guerra conservata del 17 ° secolo, la VASA."
Zurigo,Zurigo,Svizzera,Città,47.376881,8.541694,3 million,Franco svizzero (CHF),protestante,"Fondamento, Restiti, Raclette","Tedesco, francese, italiano",Spring (APR-MAY) o autunno (sep-git),Alto,Generalmente sicuro,"La più grande città conosciuta per la finanza, i musei e il lungolago.","La più grande città in Svizzera, nota per il suo distretto finanziario, i musei e il bellissimo lungolago."
Ginevra,Ginevra,Svizzera,Città,46.204391,6.147435,2 million,Franco svizzero (CHF),protestante,"Fondamento, Restiti, Raclette","Francese, tedesco",Spring (APR-MAY) o autunno (sep-git),Alto,Generalmente sicuro,Città cosmopolita nota per organizzazioni internazionali e bellezza panoramica.,"Una città cosmopolita sul lago Ginevra, nota per le sue organizzazioni internazionali, musei e splendidi scenari."
Lucerna,Svizzera centrale,Svizzera,Città,47.051389,8.306944,1.5 million,Franco svizzero (CHF),Cattolico romano,"Fondamento, Restiti, Raclette","Tedesco, francese",Spring (APR-MAY) o autunno (sep-git),Medio-alto,Generalmente sicuro,Pittoresca città conosciuta per il centro storico e il lago.,"Una pittoresca città sul lago Lucerne, conosciuta per il suo centro storico, il ponte della cappella e il monumento a leone."
Interlaken,Berna,Svizzera,Città,46.680278,7.855833,1 million,Franco svizzero (CHF),protestante,"Fondamento, Restiti, Raclette","Tedesco, francese",Spring (APR-MAY) o autunno (sep-git),Medio-alto,Generalmente sicuro,Popular Resort Town conosciuta per le attività all'aperto.,"Una popolare città di resort nelle Alpi bernesi, nota per le sue attività all'aperto come escursioni, sci e parapendio."
Zermatt,Valais,Svizzera,Città,46.051389,7.7025,"500,000",Franco svizzero (CHF),Cattolico romano,"Fondamento, Restiti, Raclette","Tedesco, francese","Winter (Dec-Mar) per sci, estate (giugno-set) per escursioni",Alto,Generalmente sicuro,Città senza auto conosciuta per Corthorn e Skiing.,"Una città senza auto nelle Alpi svizzere, nota per il suo picco di Cervino, sci e escursioni."
Jungfraujoch,Berna,Svizzera,Passo di montagna,46.538056,7.986944,"350,000",Franco svizzero (CHF),protestante,"Fondamento, Restiti, Raclette","Tedesco, francese",Tutto l'anno,Alto,Generalmente sicuro,Stazione ferroviaria più alta in Europa con vista panoramica.,"La stazione ferroviaria più alta in Europa, offrendo viste panoramiche sulle Alpi svizzere."
Reno cade,Schaffhausen,Svizzera,Cascata,47.567778,8.675556,1 million,Franco svizzero (CHF),protestante,"Fondamento, Restiti, Raclette","Tedesco, francese",Spring (APR-MAY) o autunno (sep-git),Medio,Generalmente sicuro,La più grande cascata d'Europa con vista mozzafiato.,"La più grande cascata d'Europa, offrendo viste mozzafiato e tour in barca."
Parco nazionale svizzero,Grigio,Svizzera,Parco nazionale,46.576667,10.014722,"100,000",Franco svizzero (CHF),protestante,"Fondamento, Restiti, Raclette","Tedesco, francese",Estate (giugno-agosto),Medio-alto,Generalmente sicuro,L'unico parco nazionale della Svizzera con fauna selvatica diversificata.,"L'unico parco nazionale della Svizzera, noto per la sua diversa fauna selvatica, sentieri escursionistici e scenari mozzafiato."
Gruy�res,Friborg,Svizzera,Città,46.522222,7.034722,"50,000",Franco svizzero (CHF),Cattolico romano,"Fondamento, Restiti, Raclette","Francese, tedesco",Spring (APR-MAY) o autunno (sep-git),Medio-alto,Generalmente sicuro,Città medievale conosciuta per Gruy� sono formaggio e castello.,"Un'affascinante città medievale conosciuta per il suo grumo, castello, castello e fabbrica di cioccolato."
Montreux,Vaud,Svizzera,Città,46.520278,6.923611,"100,000",Franco svizzero (CHF),protestante,"Fondamento, Restiti, Raclette","Francese, tedesco",Spring (APR-MAY) o autunno (sep-git),Medio-alto,Generalmente sicuro,Conosciuto per il festival jazz e i vigneti panoramici.,"Una città sul lago Ginevra, nota per il suo festival jazz, vigneti e splendidi scenari."
Istanbul,Istanbul,Tacchino,Città,41.008238,28.978359,15 million,Turkish Lira (prova),musulmano,"Kebab, baklava, imbottito",turco,Spring (APR-MAY) o autunno (sep-git),Medio-alto,"Generalmente sicuro, ma sii consapevole delle borseggiatori",City storica a cavallo dell'Europa e dell'Asia con punti di riferimento significativi.,"Una città storica a cavallo dell'Europa e dell'Asia, nota per la sua Hagia Sophia, Blue Mosque e Grand Bazaar."
Antalya,Antalya,Tacchino,Città,36.522512,30.703761,10 million,Turkish Lira (prova),musulmano,"Kebab, baklava, imbottito",turco,Spring (APR-MAY) o autunno (sep-git),Medio-alto,Generalmente sicuro,Città costiera popolare con spiagge e antiche rovine.,"Una popolare città costiera nota per le sue spiagge, le antiche rovine e la vibrante vita notturna."
Cappadocia,Anatolia centrale,Tacchino,Regione,38.711845,35.156845,2 million,Turkish Lira (prova),musulmano,"Kebab, baklava, imbottito",turco,Spring (APR-MAY) o autunno (sep-git),Medio-alto,Generalmente sicuro,Regione unica conosciuta per camini fati e mongolfiere.,"Una regione unica conosciuta per i suoi camini fati, le città sotterranee e le giostre in mongolfiera."
Efeso,Regione dell'Egeo,Tacchino,Sito archeologico,37.742778,27.391667,1.5 million,Turkish Lira (prova),musulmano,"Kebab, baklava, imbottito",turco,Spring (APR-MAY) o autunno (sep-git),Medio,Generalmente sicuro,Città greca antica ben conservata con rovine significative.,"Un'antica città greca ben conservata, nota per la sua biblioteca di Celso e Temple of Artemide."
Pamukkale,Regione dell'Egeo,Tacchino,Sito naturale,37.779722,29.0825,1 million,Turkish Lira (prova),musulmano,"Kebab, baklava, imbottito",turco,Spring (APR-MAY) o autunno (sep-git),Medio,Generalmente sicuro,Sito patrimonio mondiale dell'UNESCO con terrazze di travertino bianco.,Un sito del patrimonio mondiale dell'UNESCO con terrazze di travertino bianco e sorgenti termali.
Bodrum,Regione dell'Egeo,Tacchino,Città,37.134596,27.384188,1 million,Turkish Lira (prova),musulmano,"Kebab, baklava, imbottito",turco,Spring (APR-MAY) o autunno (sep-git),Medio-alto,Generalmente sicuro,Città costiera nota per spiagge e antiche rovine.,"Una popolare città costiera nota per le sue spiagge, la vita notturna e le antiche rovine."
FETHIYE,Regione dell'Egeo,Tacchino,Città,36.686944,28.9575,"500,000",Turkish Lira (prova),musulmano,"Kebab, baklava, imbottito",turco,Spring (APR-MAY) o autunno (sep-git),Medio-alto,Generalmente sicuro,Città costiera con spiagge e gite in barca alle isole.,"Una città costiera nota per le sue spiagge, le antiche rovine e le gite in barca nelle isole vicine."
Istanbul Grand Bazaar,Istanbul,Tacchino,Bazar,41.008238,28.978359,10 million,Turkish Lira (prova),musulmano,"Kebab, baklava, imbottito",turco,Tutto l'anno,Medio-alto,Generalmente sicuro,Uno dei più grandi bazar coperti del mondo con beni diversi.,"Uno dei più grandi bazar coperti del mondo, offrendo un'ampia varietà di merci e souvenir."
Topkapi Palace,Istanbul,Tacchino,Palazzo,41.008238,28.978359,5 million,Turkish Lira (prova),musulmano,"Kebab, baklava, imbottito",turco,Tutto l'anno,Medio-alto,Generalmente sicuro,L'ex palazzo ottomano ora un museo che mostra la storia.,"Un ex palazzo dell'Impero ottomano, ora un museo che mostra la sua ricca storia e artefatti."
Moschea blu,Istanbul,Tacchino,Moschea,41.008238,28.978359,2 million,Turkish Lira (prova),musulmano,"Kebab, baklava, imbottito",turco,Tutto l'anno,Gratuito,Generalmente sicuro,Bella moschea conosciuta per le piastrelle e l'architettura blu iznik.,Una bellissima moschea conosciuta per le sue piastrelle blu Iznik e l'architettura impressionante.
Kyiv,Kyiv oblast,Ucraina,Città,50.45466,30.523842,3.5 million,Ucraino Hryvnia (UAH),Ortodosso ucraino,"Borscht, Varenyky, Salo",ucraino,Primavera (maggio-giugno) o autunno (sep-git),Medio-alto,"Generalmente sicuro, ma sii consapevole del conflitto in corso",Capital City noto per l'architettura storica e la cultura vibrante.,"La capitale, nota per la sua architettura storica, i musei e la cultura vibrante."
Lviv,Lviv oblast,Ucraina,Città,49.839973,23.989223,2 million,Ucraino Hryvnia (UAH),Ortodosso ucraino,"Borscht, Varenyky, Salo",ucraino,Primavera (maggio-giugno) o autunno (sep-git),Medio,Generalmente sicuro,Città storica nota per l'architettura medievale e un'atmosfera vivace.,"Una città storica nota per la sua architettura medievale, caffetterie e atmosfera vibrante."
Odessa,Oblast di Odesa,Ucraina,Città,46.483333,30.733333,1 million,Ucraino Hryvnia (UAH),Ortodosso ucraino,"Borscht, Varenyky, Salo",ucraino,Primavera (maggio-giugno) o autunno (sep-git),Medio,"Generalmente sicuro, ma sii consapevole di potenziali rischi",Città costiera nota per spiagge e vita notturna vibrante.,"Una città costiera sul Mar Nero, nota per le sue spiagge, il teatro dell'opera e la vita notturna vibrante."
Zona di esclusione di Chernobyl,Kyiv oblast,Ucraina,Sito,51.384222,30.109722,"100,000",Ucraino Hryvnia (UAH),Ortodosso ucraino,"Borscht, Varenyky, Salo",ucraino,Primavera (maggio-giugno) o autunno (sep-git),Medio,Accesso limitato,Notevole per il turismo oscuro e l'osservazione della fauna selvatica.,"Un ex sito della centrale nucleare e l'area circostante, ora una destinazione popolare per il turismo oscuro e l'osservazione della fauna selvatica."
Montagne Carpazi,Montagne Carpazi,Ucraina,Montagne,48,24,"500,000",Ucraino Hryvnia (UAH),Ortodosso ucraino,"Borscht, Varenyky, Salo",ucraino,Estate (giugno-agosto),Medio-alto,Generalmente sicuro,"Conosciuto per bellissimi paesaggi, escursioni e sport invernali.","Una catena montuosa nota per i suoi bellissimi scenari, sentieri escursionistici e sport invernali."
Kharkiv,Kharkiv oblast,Ucraina,Città,50,36.25,"500,000",Ucraino Hryvnia (UAH),Ortodosso ucraino,"Borscht, Varenyky, Salo",ucraino,Primavera (maggio-giugno) o autunno (sep-git),Medio,"Generalmente sicuro, ma sii consapevole di potenziali rischi",Città principale conosciuta per università e parchi.,"Una grande città nell'Ucraina orientale, nota per le sue università, musei e parchi."
Dnipro,Dnipropetrovsk Oblast,Ucraina,Città,48.461667,34.976667,"500,000",Ucraino Hryvnia (UAH),Ortodosso ucraino,"Borscht, Varenyky, Salo",ucraino,Primavera (maggio-giugno) o autunno (sep-git),Medio,"Generalmente sicuro, ma sii consapevole di potenziali rischi",Importante città industriale con siti storici.,"Una città sul fiume Dnieper, nota per la sua importanza industriale e i siti storici."
LVIV Opera House,Lviv,Ucraina,Opera House,49.839973,23.989223,"100,000",Ucraino Hryvnia (UAH),Ortodosso ucraino,"Borscht, Varenyky, Salo",ucraino,Tutto l'anno,Medio,Generalmente sicuro,Bellissimo teatro dell'opera con una ricca storia.,Un bellissimo teatro dell'opera con una ricca storia e un significato culturale.
Error 500 (Server Error)!!1500.That’s an error.There was an error. Please try again later.That’s all we know.,Kyiv,Ucraina,Strada,50.45466,30.523842,"100,000",Ucraino Hryvnia (UAH),Ortodosso ucraino,"Borscht, Varenyky, Salo",ucraino,Tutto l'anno,Medio,Generalmente sicuro,Street storica conosciuta per case e negozi colorati.,"Una strada storica a Kiev, nota per le sue case colorate, negozi e ristoranti."
Pechersk Lavra,Kyiv,Ucraina,Monastero,50.463333,30.512222,"100,000",Ucraino Hryvnia (UAH),Ortodosso ucraino,"Borscht, Varenyky, Salo",ucraino,Tutto l'anno,Medio,Generalmente sicuro,Grande monastero ortodosso con bellissime chiese.,"Un grande complesso di monastero ortodosso con bellissime chiese, giardini e grotte."
Londra,Grande Londra,Regno Unito,Città,51.507351,-0.127758,25 million,British Pound Sterling (GBP),Cristiano (anglicano),"Pesce e patatine, arrosto domenicale, tè pomeridiano",Inglese,Primavera (aprile-maggio) o autunno (sep-git),Alto,"Generalmente sicuro, ma sii consapevole delle borseggiatori","La capitale, nota per il suo Palazzo Buckingham, il Big Ben e la Torre di Londra.","La capitale, nota per il suo Palazzo Buckingham, il Big Ben e la Torre di Londra."
Edimburgo,Scozia,Regno Unito,Città,55.953252,-3.188267,3 million,British Pound Sterling (GBP),Cristiano (presbiteriano),"Haggis, whisky scozzese, pasta frolla","Inglese, gaelico scozzese",Primavera (aprile-maggio) o autunno (sep-git),Medio-alto,Generalmente sicuro,"La capitale della Scozia, nota per il suo castello medievale e festival vibranti.","La capitale della Scozia, nota per il suo castello medievale, storica città vecchia e festival vibranti."
Manchester,Inghilterra,Regno Unito,Città,53.480958,-2.241509,2 million,British Pound Sterling (GBP),Cristiano (anglicano),"Pesce e patatine, arrosto domenicale, tè pomeridiano",Inglese,Primavera (aprile-maggio) o autunno (sep-git),Medio-alto,Generalmente sicuro,"Conosciuto per le sue squadre di calcio, la scena musicale e il patrimonio industriale.","Una grande città conosciuta per le sue squadre di calcio, la scena musicale e il patrimonio industriale."
Liverpool,Inghilterra,Regno Unito,Città,53.408371,-2.987576,1.5 million,British Pound Sterling (GBP),Cristiano (anglicano),"Pesce e patatine, arrosto domenicale, tè pomeridiano",Inglese,Primavera (aprile-maggio) o autunno (sep-git),Medio-alto,Generalmente sicuro,"Conosciuto per il suo patrimonio dei Beatles, i musei e il lungomare.","Una città costiera conosciuta per il suo patrimonio dei Beatles, i musei e il lungomare."
Cambridge,Inghilterra,Regno Unito,Città,52.204772,0.120972,1 million,British Pound Sterling (GBP),Cristiano (anglicano),"Pesce e patatine, arrosto domenicale, tè pomeridiano",Inglese,Primavera (aprile-maggio) o autunno (sep-git),Medio-alto,Generalmente sicuro,"Conosciuto per i suoi college storici, musei e giardini botanici.","Una città universitaria nota per i suoi college storici, musei e giardini botanici."
Lake District,Inghilterra,Regno Unito,Parco nazionale,54.364158,-3.083333,2 million,British Pound Sterling (GBP),Cristiano (anglicano),"Pesce e patatine, arrosto domenicale, tè pomeridiano",Inglese,Primavera (aprile-maggio) o autunno (sep-git),Medio-alto,Generalmente sicuro,"Conosciuto per i suoi laghi, montagne e sentieri escursionistici.","Una regione panoramica nota per i suoi laghi, montagne e sentieri escursionistici."
Yorkshire Dales,Inghilterra,Regno Unito,Parco nazionale,54.057778,-1.988889,1 million,British Pound Sterling (GBP),Cristiano (anglicano),"Pesce e patatine, arrosto domenicale, tè pomeridiano",Inglese,Primavera (aprile-maggio) o autunno (sep-git),Medio-alto,Generalmente sicuro,"Conosciuto per le sue dolci colline, le scogliere calcaree e i pittoreschi villaggi.","Un parco nazionale noto per le sue dolci colline, le scogliere calcaree e i pittoreschi villaggi."
I cotswolds,Inghilterra,Regno Unito,Regione,51.793333,-1.875,1 million,British Pound Sterling (GBP),Cristiano (anglicano),"Pesce e patatine, arrosto domenicale, tè pomeridiano",Inglese,Primavera (aprile-maggio) o autunno (sep-git),Medio-alto,Generalmente sicuro,"Conosciuto per i suoi pittoreschi villaggi, le dolci colline e l'architettura storica.","Una regione panoramica conosciuta per i suoi pittoreschi villaggi, rotoli e architettura storica."
Stonehenge,Wiltshire,Regno Unito,Sito preistorico,51.1775,-1.996167,1 million,British Pound Sterling (GBP),Cristiano (anglicano),"Pesce e patatine, arrosto domenicale, tè pomeridiano",Inglese,Primavera (aprile-maggio) o autunno (sep-git),Medio-alto,Generalmente sicuro,Conosciuto per i suoi misteriosi cerchi di pietra.,Un monumento preistorico noto per i suoi misteriosi cerchi di pietra.
Highlands scozzesi,Scozia,Regno Unito,Regione,57.051528,-4.213333,1 million,British Pound Sterling (GBP),Cristiano (presbiteriano),"Haggis, whisky scozzese, pasta frolla","Inglese, gaelico scozzese",Primavera (aprile-maggio) o autunno (sep-git),Medio-alto,Generalmente sicuro,"Conosciuto per i suoi splendidi scenari, sentieri escursionistici e fauna selvatica.","Una regione montuosa nota per i suoi splendidi scenari, sentieri escursionistici e fauna selvatica."
Città del Lussemburgo,Nuovo distretto,Lussemburgo,Città,49.611668,6.130237,1.5 million,Euro (EUR),Cattolico romano,"Ebreo con cavità della spazzatura, rapping di Kneen, Riesling","Conduzione inglese, Fry, German",Primavera (aprile-maggio) o autunno (sep-git),Medio-alto,Generalmente sicuro,"La capitale, nota per le sue fortificazioni medievali, le pittoresche strade e i musei.","La capitale, nota per le sue fortificazioni medievali, le pittoresche strade e i musei."
Viste,Viste,Lussemburgo,Città,49.923611,6.25,"500,000",Euro (EUR),Cattolico romano,"Ebreo con cavità della spazzatura, rapping di Kneen, Riesling","Conduzione inglese, Fry, German",Primavera (aprile-maggio) o autunno (sep-git),Medio-alto,Generalmente sicuro,"Una città affascinante con un castello medievale, strade pittoresche e bellissimi scenari.","Una città affascinante con un castello medievale, strade pittoresche e bellissimi scenari."
Pavimento sur-urb-alzette,Pavimento sur-urb-alzette,Lussemburgo,Città,49.517222,5.964444,"300,000",Euro (EUR),Cattolico romano,"Ebreo con cavità della spazzatura, rapping di Kneen, Riesling","Conduzione inglese, Fry, German",Primavera (aprile-maggio) o autunno (sep-git),Medio,Generalmente sicuro,"Una grande città industriale conosciuta per i suoi musei, parchi e shopping.","Una grande città industriale conosciuta per i suoi musei, parchi e shopping."
Lussemburgo American Cemetery and Memorial,Lussemburgo,Lussemburgo,Memoriale,49.476944,6.024444,"100,000",Euro (EUR),Cattolico romano,"Ebreo con cavità della spazzatura, rapping di Kneen, Riesling","Conduzione inglese, Fry, German",Tutto l'anno,Gratuito,Generalmente sicuro,Un sito commemorativo in onore dei soldati americani morti nella seconda guerra mondiale.,Un sito commemorativo in onore dei soldati americani morti nella seconda guerra mondiale.
Mulzethale,Mulzethale,Lussemburgo,Regione,49.752778,6.576667,"50,000",Euro (EUR),Cattolico romano,"Ebreo con cavità della spazzatura, rapping di Kneen, Riesling","Conduzione inglese, Fry, German",Primavera (aprile-maggio) o autunno (sep-git),Medio,Generalmente sicuro,"Una pittoresca regione conosciuta per le sue cascate, i sentieri escursionistici e la bellezza naturale.","Una pittoresca regione conosciuta per le sue cascate, i sentieri escursionistici e la bellezza naturale."
Beaufort Castle,Beaufort,Lussemburgo,Castello,49.836667,6.522222,"50,000",Euro (EUR),Cattolico romano,"Ebreo con cavità della spazzatura, rapping di Kneen, Riesling","Conduzione inglese, Fry, German",Primavera (aprile-maggio) o autunno (sep-git),Medio,Generalmente sicuro,"Un castello medievale arroccato su una collina, che offre splendide viste sulla campagna circostante.","Un castello medievale arroccato su una collina, che offre splendide viste sulla campagna circostante."
Castello di Vianden,Viste,Lussemburgo,Castello,49.923611,6.25,"50,000",Euro (EUR),Cattolico romano,"Ebreo con cavità della spazzatura, rapping di Kneen, Riesling","Conduzione inglese, Fry, German",Primavera (aprile-maggio) o autunno (sep-git),Medio,Generalmente sicuro,"Un castello medievale che si affaccia sulla città di Vianden, noto per il suo ambiente pittoresco e il significato storico.","Un castello medievale che si affaccia sulla città di Vianden, noto per il suo ambiente pittoresco e il significato storico."
Motivo,Città del Lussemburgo,Lussemburgo,Quartiere,49.605556,6.127778,"50,000",Euro (EUR),Cattolico romano,"Ebreo con cavità della spazzatura, rapping di Kneen, Riesling","Conduzione inglese, Fry, German",Primavera (aprile-maggio) o autunno (sep-git),Medio-alto,Generalmente sicuro,"Un affascinante quartiere lungo il fiume Alzette, noto per i suoi ristoranti, bar e atmosfera bohémien.","Un affascinante quartiere lungo il fiume Alzette, noto per i suoi ristoranti, bar e atmosfera bohémien."
Oltretutto,Oltretutto,Lussemburgo,Città,49.505556,6.044444,"25,000",Euro (EUR),Cattolico romano,"Ebreo con cavità della spazzatura, rapping di Kneen, Riesling","Conduzione inglese, Fry, German",Primavera (aprile-maggio) o autunno (sep-git),Medio,Generalmente sicuro,"Una piccola città conosciuta per il suo centro storico, musei e parchi.","Una piccola città conosciuta per il suo centro storico, musei e parchi."
Valletta,Regione centrale,Malta,Città,35.897778,14.5075,1.5 million,Euro (EUR),Cattolico romano,"Pastizzi, stufato di coniglio, tagliato","Maltese, inglese",Primavera (aprile-maggio) o autunno (sep-git),Medio-alto,Generalmente sicuro,"La capitale, nota per le sue mura fortificate, l'architettura barocca e i siti storici.",
Spid,Regione centrale,Malta,Città,35.884167,14.493889,1 million,Euro (EUR),Cattolico romano,"Pastizzi, stufato di coniglio, tagliato","Maltese, inglese",Primavera (aprile-maggio) o autunno (sep-git),Medio-alto,Generalmente sicuro,"Una città murata medievale conosciuta come la ""città silenziosa"", che offre uno sguardo al passato di Malta.",
Laguna blu,Gozo,Malta,Spiaggia,36.042778,14.300278,1 million,Euro (EUR),Cattolico romano,"Pastizzi, stufato di coniglio, tagliato","Maltese, inglese",Estate (giugno-agosto),Medio-alto,Generalmente sicuro,"Una spiaggia popolare sull'isola di Gozo, nota per le sue acque cristalline e la vibrante tonalità blu.",
Marsaxlokk,Regione meridionale,Malta,Città,35.734722,14.558611,"500,000",Euro (EUR),Cattolico romano,"Pastizzi, stufato di coniglio, tagliato","Maltese, inglese",Primavera (aprile-maggio) o autunno (sep-git),Medio,Generalmente sicuro,"Un villaggio di pescatori noto per le sue colorate barche da pesca, il mercato domenicale e i ristoranti di pesce.",
St. Paul's Bay,Regione settentrionale,Malta,Città,35.921667,14.474167,"500,000",Euro (EUR),Cattolico romano,"Pastizzi, stufato di coniglio, tagliato","Maltese, inglese",Primavera (aprile-maggio) o autunno (sep-git),Medio,Generalmente sicuro,"Una città costiera con bellissime spiagge, resort e una vita notturna vibrante.",
Rabat,Regione settentrionale,Malta,Città,35.879444,14.463056,"200,000",Euro (EUR),Cattolico romano,"Pastizzi, stufato di coniglio, tagliato","Maltese, inglese",Primavera (aprile-maggio) o autunno (sep-git),Medio,Generalmente sicuro,Una città storica conosciuta per le sue catacombe romane e il mdina Glass Museum.,
Ponte,Regione centrale,Malta,Città,35.871944,14.451389,"200,000",Euro (EUR),Cattolico romano,"Pastizzi, stufato di coniglio, tagliato","Maltese, inglese",Primavera (aprile-maggio) o autunno (sep-git),Medio,Generalmente sicuro,"Una città nota per la sua rotonda di Mosta, una delle più grandi cupole non supportate del mondo.",
Marsaska,Regione meridionale,Malta,Città,35.728333,14.569167,"100,000",Euro (EUR),Cattolico romano,"Pastizzi, stufato di coniglio, tagliato","Maltese, inglese",Primavera (aprile-maggio) o autunno (sep-git),Medio,Generalmente sicuro,"Una città costiera con bellissime spiagge, siti storici e un'atmosfera rilassata.",
Gozo,Gozo,Malta,Isola,36.042778,14.300278,"50,000",Euro (EUR),Cattolico romano,"Pastizzi, stufato di coniglio, tagliato","Maltese, inglese",Primavera (aprile-maggio) o autunno (sep-git),Medio,Generalmente sicuro,"Il più piccolo delle due isole principali di Malta, conosciuta per la sua atmosfera tranquilla, i paesaggi rurali e le bellissime spiagge.",
Cumino,Cumino,Malta,Isola,36.029167,14.459722,"20,000",Euro (EUR),Cattolico romano,"Pastizzi, stufato di coniglio, tagliato","Maltese, inglese",Primavera (aprile-maggio) o autunno (sep-git),Medio,Generalmente sicuro,"Una piccola isola disabitata conosciuta per la sua laguna blu, un popolare punto di nuoto e snorkeling.",
Reykjavik,Regione capitale,Islanda,Città,64.147778,-21.915556,2.5 million,Islandese kr�na (isk),protestante,"Pesce, agnello, cielo",islandese,Primavera (maggio-giugno) o autunno (sep-git),Alto,Generalmente sicuro,"La capitale, nota per le sue case colorate, i musei e la cultura vibrante.",
Laguna blu,Regione sud -occidentale,Islanda,Spa geotermico,63.8925,-21.8639,1 million,Islandese kr�na (isk),protestante,"Pesce, agnello, cielo",islandese,Tutto l'anno,Alto,Generalmente sicuro,Una spa geotermica nota per le sue acque blu e l'atmosfera rilassante.,
Circolo d'oro,Islanda sud,Islanda,Regione,64.006944,-21.1325,1 million,Islandese kr�na (isk),protestante,"Pesce, agnello, cielo",islandese,Primavera (maggio-giugno) o autunno (sep-git),Medio-alto,Generalmente sicuro,"Una popolare rotta turistica con il parco nazionale di Thingvellir, l'area geotermica di Geysir e la cascata di Gullfoss.",
Skaftafell National Park,Islanda sud,Islanda,Parco nazionale,64.006944,-16.6325,"500,000",Islandese kr�na (isk),protestante,"Pesce, agnello, cielo",islandese,Estate (giugno-agosto),Medio-alto,Generalmente sicuro,"Un parco nazionale noto per i suoi ghiacciai, cascate e sentieri escursionistici.",
Vatnaj�kull National Park,Sud -est dell'Islanda,Islanda,Parco nazionale,64.006944,-16.6325,"500,000",Islandese kr�na (isk),protestante,"Pesce, agnello, cielo",islandese,Estate (giugno-agosto),Medio-alto,Generalmente sicuro,"Il più grande ghiacciaio europeo, offrendo splendidi paesaggi e attività all'aperto.",
Akureyri,Nord Islanda,Islanda,Città,65.668611,-18.081389,"200,000",Islandese kr�na (isk),protestante,"Pesce, agnello, cielo",islandese,Primavera (maggio-giugno) o autunno (sep-git),Medio,Generalmente sicuro,"La più grande città del Nord Islanda, nota per le sue attività di giardino botanico e invernale.",
Sn�fellsj�kull National Park,Islanda occidentale,Islanda,Parco nazionale,64.640556,-22.189722,"100,000",Islandese kr�na (isk),protestante,"Pesce, agnello, cielo",islandese,Primavera (maggio-giugno) o autunno (sep-git),Medio,Generalmente sicuro,"Un parco nazionale con il ghiacciaio Sn�fellsj�kull, un vulcano e un bellissimo paesaggio costiero.",
Westfjords,Westfjords,Islanda,Regione,65.640556,-20.189722,"50,000",Islandese kr�na (isk),protestante,"Pesce, agnello, cielo",islandese,Primavera (maggio-giugno) o autunno (sep-git),Medio,Generalmente sicuro,"Una regione remota nota per i suoi paesaggi drammatici, villaggi di pesca e opportunità di birdwatching.",
J�kuls�rl�n Glacier Lagoon,Sud -est dell'Islanda,Islanda,Laguna del ghiacciaio,64.006944,-16.6325,"200,000",Islandese kr�na (isk),protestante,"Pesce, agnello, cielo",islandese,Estate (giugno-agosto),Medio-alto,Generalmente sicuro,"Una laguna glaciale piena di iceberg, che offre tour in barca e scenari mozzafiato.",
Reynisfjara Black Sand Beach,Islanda sud,Islanda,Spiaggia,63.703056,-20.031944,"100,000",Islandese kr�na (isk),protestante,"Pesce, agnello, cielo",islandese,Tutto l'anno,Medio-alto,Generalmente sicuro,Una spiaggia di sabbia nera unica con colonne di basalto e pile di mare.,
Belgrado,Serbia centrale,Serbia,Città,44.816667,20.448889,1.5 million,Dinar serbo (RSD),Serbo ortodosso,"Evapi, Pljeskavica, Sarma",serbo,Primavera (aprile-maggio) o autunno (sep-git),Medio,"Generalmente sicuro, ma sii consapevole delle borseggiatori","La capitale, nota per i suoi punti di riferimento storici, la vita notturna vibrante e la bellissima posizione sul fiume.",
Novi triste,Vojvodina,Serbia,Città,45.263333,19.846667,"500,000",Dinar serbo (RSD),Serbo ortodosso,"Evapi, Pljeskavica, Sarma",serbo,Primavera (aprile-maggio) o autunno (sep-git),Medio,Generalmente sicuro,"Una città sul fiume Danubio, nota per il suo centro storico, musei e vibrante scena culturale.",
In?,Serbia meridionale,Serbia,Città,43.322222,21.888889,"300,000",Dinar serbo (RSD),Serbo ortodosso,"Evapi, Pljeskavica, Sarma",serbo,Primavera (aprile-maggio) o autunno (sep-git),Medio,Generalmente sicuro,"Una città storica conosciuta per le sue rovine romane, la fortezza medievale e la vibrante vita notturna.",
Fortezza Belgrado,Belgrado,Serbia,Fortezza,44.816667,20.448889,"200,000",Dinar serbo (RSD),Serbo ortodosso,"Evapi, Pljeskavica, Sarma",serbo,Tutto l'anno,Gratuito,Generalmente sicuro,"Una fortezza storica che si affaccia sulla confluenza dei fiumi Sava e Danube, che offre viste panoramiche sulla città.",
Tara National Park,Serbia occidentale,Serbia,Parco nazionale,43.2,19.35,"100,000",Dinar serbo (RSD),Serbo ortodosso,"Evapi, Pljeskavica, Sarma",serbo,Estate (giugno-agosto),Medio-alto,Generalmente sicuro,"Un parco nazionale noto per le sue robuste montagne, foreste e splendidi paesaggi.",
Kopaonik,Serbia centrale,Serbia,Catena montuosa,43.575278,20.760556,"100,000",Dinar serbo (RSD),Serbo ortodosso,"Evapi, Pljeskavica, Sarma",serbo,"Inverno (dicembre-marzo) per sci, estate (giugno-agosto) per escursioni",Medio-alto,Generalmente sicuro,"Una popolare area di stazione sciistica in inverno, offrendo escursioni e altre attività all'aperto in estate.",
Novi Sad Fortress,Novi triste,Serbia,Fortezza,45.263333,19.846667,"50,000",Dinar serbo (RSD),Serbo ortodosso,"Evapi, Pljeskavica, Sarma",serbo,Tutto l'anno,Gratuito,Generalmente sicuro,"Una fortezza storica che si affaccia sul fiume Danubio, che offre viste panoramiche sulla città.",
Sremski Karlovci,Vojvodina,Serbia,Città,45.263333,19.846667,"25,000",Dinar serbo (RSD),Serbo ortodosso,"Evapi, Pljeskavica, Sarma",serbo,Primavera (aprile-maggio) o autunno (sep-git),Medio,Generalmente sicuro,"Una città storica nota per i suoi vigneti, cantine e bellissima architettura.",
Sottotica,North Backa,Serbia,Città,46.083333,18.966667,"20,000",Dinar serbo (RSD),Serbo ortodosso,"Evapi, Pljeskavica, Sarma","Serbo, ungherese",Primavera (aprile-maggio) o autunno (sep-git),Medio,Generalmente sicuro,"Una città al confine con l'Ungheria, nota per la sua architettura Art Nouveau e l'atmosfera multiculturale.",
Vrnja Banja,Ra? IL,Serbia,Città spa,43.519722,20.851389,"10,000",Dinar serbo (RSD),Serbo ortodosso,"Evapi, Pljeskavica, Sarma",serbo,Tutto l'anno,Medio-alto,Generalmente sicuro,"Una città spa nota per le sue acque minerali, i bagni termici e i bellissimi dintorni naturali.",
